User-ID,id,RATINGS
276725,19995,10
276726,285,10
276727,206647,10
276729,49026,10
276729,49529,10
276733,559,10
276736,38757,10
276737,99861,10
276744,767,10
276745,209112,10
276746,1452,10
276746,10764,10
276746,58,10
276746,57201,10
276746,49521,10
276746,2454,10
276747,24428,10
276747,1865,10
276747,41154,10
276747,122917,10
276747,1930,7
276747,20662,10
276747,57158,10
276747,2268,10
276748,254,10
276748,597,10
276751,271110,10
276751,44833,10
276754,135397,8
276755,37724,10
276760,558,10
276762,68721,10
276762,12155,10
276762,36668,10
276762,62211,10
276762,8373,10
276762,91314,10
276762,68728,10
276762,102382,10
276762,20526,10
276762,49013,10
276762,44912,10
276762,10193,10
276762,534,10
276762,168259,10
276762,72190,10
276762,127585,10
276762,54138,10
276762,81005,10
276762,64682,10
276762,9543,10
276762,68726,10
276762,38356,10
276762,217,10
276762,105864,10
276762,62177,10
276765,188927,10
276768,10681,10
276772,5174,10
276772,14161,10
276772,17979,10
276772,76757,10
276772,258489,10
276774,411,10
276774,246655,0
276774,155,10
276774,14160,10
276774,15512,10
276780,1726,10
276780,44826,10
276780,8487,10
276786,1735,10
276786,297761,10
276786,2698,10
276786,137113,10
276786,9804,10
276786,14869,10
276786,150540,10
276786,278927,10
276786,10138,10
276786,58595,10
276786,102651,10
276786,119450,10
276788,79698,10
276788,64686,10
276788,100402,10
276796,10192,10
276796,158852,10
276798,177572,10
276798,82690,10
276798,5255,10
276798,47933,0
276798,10191,10
276798,296,10
276798,118340,10
276798,157336,6
276798,27205,10
276798,315011,10
276798,49051,10
276798,9799,10
276800,4922,10
276800,49538,10
276800,131634,10
276800,27022,10
276800,503,10
276800,241259,0
276803,810,9
276804,68735,0
276804,87101,0
276804,10140,0
276806,676,0
276806,1858,0
276808,1966,7
276811,675,5
276812,674,6
276813,8960,0
276813,6479,0
276813,118,0
276813,2062,0
276813,272,0
276813,10527,0
276813,18360,0
276813,2080,0
276813,605,8
276813,109445,9
276813,604,7
276813,76338,8
276814,76341,8
276814,13448,0
276814,10195,0
276817,13053,0
276820,19585,7
276820,57165,7
276822,62213,7
276822,177677,7
276822,7978,5
276822,5559,0
276822,49444,0
276822,10196,0
276822,956,0
276822,117251,0
276822,50321,8
276822,11619,0
276822,266647,0
276822,82703,3
276822,652,6
276822,80321,0
276822,36669,5
276822,43074,0
276827,95,0
276828,608,8
276828,2310,8
276828,140300,0
276828,56292,0
276828,81188,0
276828,7552,8
276828,616,7
276828,147441,0
276828,13475,0
276828,557,0
276828,82702,0
276828,205584,5
276828,10048,0
276830,13183,0
276832,944,0
276832,1927,0
276833,72559,5
276835,7364,0
276837,2114,0
276838,1771,0
276840,36643,0
276840,8619,0
276842,50620,0
276847,65759,8
276847,1724,7
276847,267935,0
276847,281957,0
276847,77950,9
276847,44896,0
276847,270946,8
276847,2503,0
276847,9502,0
276847,102899,6
276847,101299,0
276847,228161,0
276847,74,0
276847,8961,1
276847,417859,3
276847,27576,0
276847,86834,7
276847,17578,0
276847,673,0
276847,6972,0
276847,82700,8
276847,10567,7
276847,181533,9
276847,38055,0
276847,671,0
276847,49524,0
276847,22,0
276847,131631,0
276847,591,7
276847,172385,0
276847,36658,0
276847,51497,9
276847,58574,0
276847,18823,0
276847,861,7
276847,1911,0
276847,49040,9
276847,415,5
276847,8871,0
276847,435,8
276847,955,0
276847,2133,7
276847,1979,0
276847,87827,0
276847,1250,0
276847,324668,7
276847,9471,7
276847,70981,0
276847,10996,0
276847,68724,0
276847,2789,5
276848,97020,0
276848,7459,0
276848,42888,10
276848,37834,10
276848,75612,10
276848,1895,0
276848,1894,6
276848,585,0
276848,76170,7
276848,1893,7
276848,49519,5
276848,2395,0
276848,12100,0
276848,290595,0
276850,98566,8
276852,49047,0
276852,9619,0
276853,308531,0
276853,166424,0
276854,1593,0
276854,254128,0
276854,714,5
276856,2024,0
276856,163,0
276856,787,0
276856,262500,0
276856,2567,9
276856,38745,7
276856,40805,0
276856,53182,8
276856,41513,8
276856,13700,0
276856,262504,8
276856,39254,5
276856,77931,8
276856,1639,0
276856,80274,8
276856,1571,0
276856,120,8
276856,10204,0
276856,8489,9
276856,10588,0
276856,2048,9
276856,1495,0
276857,10137,0
276859,10198,6
276859,286217,0
276859,1635,6
276859,24113,0
276859,9679,0
276859,98,0
276859,180,8
276859,672,10
276859,36557,7
276859,869,8
276859,280,0
276859,11322,6
276859,4982,0
276859,36955,0
276859,18487,7
276859,39451,0
276859,27581,7
276859,9268,8
276861,68718,0
276861,10545,0
276861,11688,0
276861,76163,0
276861,2059,8
276861,2486,5
276861,16523,10
276861,116711,8
276861,37710,10
276861,9946,0
276861,1372,0
276861,106646,0
276861,414,0
276862,563,0
276862,83542,0
276862,41216,0
276863,314,0
276866,184315,0
276866,9016,8
276866,18162,0
276866,138103,8
276866,257088,0
276866,10214,0
276866,205775,8
276866,11692,0
276866,22972,0
276866,227973,9
276866,29193,9
276866,1734,0
276866,3131,9
276866,76758,4
276866,9408,0
276866,9890,0
276866,855,0
276866,77953,6
276866,18,0
276866,37786,0
276869,10501,0
276869,57800,7
276870,150689,5
276872,7980,0
276872,12,8
276872,122,0
276872,121,0
276872,68737,0
276872,1995,0
276872,157353,0
276872,331,0
276873,61791,0
276875,8204,0
276875,47964,0
276875,10733,0
276875,9806,9
276875,1408,0
276875,32657,0
276875,607,0
276875,863,0
276875,44048,0
276875,5175,0
276875,2655,0
276875,22794,0
276875,8355,7
276875,116745,5
276875,4327,7
276875,1422,8
276875,10674,0
276875,7446,0
276875,65754,8
276875,1572,0
276875,10528,10
276875,271969,0
276875,10865,0
276875,258509,0
276875,2253,8
276875,10661,9
276875,257344,8
276875,644,6
276875,10756,6
276875,686,10
276875,9383,0
276875,179,0
276875,76285,0
276875,1996,8
276875,291805,8
276875,10003,0
276875,1535,0
276875,2067,5
276875,46195,0
276875,2277,0
276875,10357,10
276875,4477,9
276878,8665,8
276879,9387,5
276884,921,0
276884,49852,0
276884,4464,0
276884,664,0
276884,8358,0
276887,9836,0
276887,2502,6
276887,9772,7
276888,161,7
276888,52451,0
276889,76492,0
276890,4523,0
276896,59961,0
276904,10481,0
276904,59108,5
276904,1581,0
276904,9798,7
276904,22897,8
276904,298,8
276904,7484,0
276905,157350,0
276905,853,8
276905,10159,9
276911,9593,7
276911,1904,9
276911,9615,0
276912,51052,0
276912,297,8
276912,9884,0
276912,16858,0
276915,62764,8
276916,22538,7
276925,9341,7
276925,12107,7
276925,9637,0
276925,49049,7
276925,9339,6
276925,16281,8
276925,39691,5
276925,8247,0
276925,11253,0
276925,1949,7
276925,8452,8
276925,310,0
276925,27578,0
276925,954,7
276925,70160,0
276925,45243,5
276925,364,0
276925,7518,4
276925,11544,0
276925,9986,0
276925,8656,0
276925,146216,7
276925,9291,6
276925,55301,8
276925,109418,5
276925,11665,4
276925,6964,8
276925,11324,0
276925,12193,10
276925,9928,0
276925,754,0
276925,10202,7
276925,4147,0
276925,50546,0
276925,1701,0
276925,13027,0
276925,2289,0
276925,20504,0
276925,9574,7
276925,11618,0
276925,2300,0
276925,12096,0
276925,10200,0
276925,8834,8
276925,228150,0
276925,6068,6
276925,41515,7
276925,9023,0
276925,38317,0
276925,2157,9
276925,14462,5
276925,161795,9
276925,159824,5
276925,49948,0
276925,2135,0
276925,9822,0
276925,9705,5
276925,1656,4
276925,12159,0
276925,9678,8
276925,4442,0
276925,75,0
276925,330770,0
276925,9433,9
276925,19959,5
276925,11973,0
276925,11228,5
276925,77951,8
276925,5491,6
276925,10715,0
276925,10197,6
276925,9562,0
276925,9922,7
276925,9447,0
276925,274854,0
276925,8870,0
276925,9992,0
276925,36970,9
276925,10077,0
276925,76649,0
276925,293644,0
276925,453,2
276925,8587,5
276925,72545,8
276925,109451,8
276925,9533,0
276925,2023,5
276925,71880,8
276925,584,7
276925,309809,0
276925,4858,0
276925,17711,10
276925,328111,5
276925,8698,7
276925,93456,7
276925,602,5
276925,330,0
276925,953,7
276925,9693,0
276925,36657,0
276925,8909,6
276925,9802,0
276925,950,5
276925,1824,7
276925,2976,7
276925,11026,0
276925,332,8
276925,75656,0
276927,38365,7
276927,594,9
276927,15189,0
276928,11678,0
276928,6538,6
276928,10555,0
276928,1125,0
276928,4551,5
276928,612,0
276928,9567,9
276928,37821,10
276928,203801,0
276929,2539,0
276929,9297,8
276929,3172,0
276929,6520,0
276929,1439,8
276929,37958,7
276929,2026,7
276929,7450,9
276929,11375,0
276929,9425,9
276929,25769,0
276929,23685,0
276929,11866,8
276929,9741,7
276929,211672,0
276929,23629,0
276929,8688,7
276929,10153,0
276929,153518,9
276929,8676,0
276929,20829,0
276929,4349,0
276929,9718,0
276929,10808,10
276929,197,9
276929,25,1
276929,35,8
276929,11086,8
276929,10477,0
276929,1997,0
276929,6947,0
276929,3050,8
276929,2675,0
276929,809,0
276929,920,0
276929,4806,0
276929,7451,0
276929,228165,0
276929,3595,9
276929,16869,0
276929,879,0
276929,1573,0
276929,9257,5
276929,1903,0
276929,9697,9
276929,395,5
276929,23398,0
276929,10590,0
276929,117263,0
276929,200,0
276929,44943,0
276929,587,0
276929,10395,0
276929,57212,0
276929,152760,0
276929,2756,0
276929,33909,5
276929,49017,0
276929,9882,6
276929,2270,0
276929,978,0
276929,44564,0
276929,3132,9
276929,8814,0
276929,8427,10
276929,52520,8
276929,80585,9
276929,10592,1
276929,49021,4
276929,11535,10
276929,10550,10
276929,11258,0
276929,12610,0
276929,59981,0
276929,201088,0
276929,5137,0
276929,3093,5
276929,107846,0
276929,188207,7
276934,4614,7
276936,24021,0
276936,11371,5
276936,20352,9
276936,11517,5
276936,214756,0
276936,26428,0
276939,9824,0
276939,48988,0
276939,9008,5
276939,300673,0
276939,12113,0
276939,38778,0
276939,72331,0
276939,1844,7
276939,846,0
276939,9703,2
276939,857,0
276939,136797,9
276939,3981,0
276939,425,0
276939,6171,8
276939,72976,9
276939,603,0
276939,568,0
276939,9021,9
276939,82695,0
276939,9489,0
276939,12133,0
276939,9342,9
276939,41733,0
276939,227306,0
276943,5551,0
276946,9350,0
276949,9208,0
276950,4244,4
276953,1852,0
276953,11820,9
276953,76493,8
276954,345,0
276954,196867,5
276954,256591,5
276954,59962,0
276954,36648,0
276954,1880,8
276954,9440,5
276954,71679,0
276954,10483,9
276954,11412,8
276954,11983,9
276954,6795,6
276954,550,9
276954,11170,0
276954,9292,0
276954,10783,0
276954,100241,4
276954,257,8
276954,9947,6
276954,189,1
276954,12618,1
276954,253412,0
276954,1427,7
276954,818,8
276954,16577,7
276954,329,5
276957,12160,0
276959,9331,6
276963,300168,0
276964,9072,0
276964,3536,8
276964,9087,7
276964,12177,0
276964,12138,7
276964,273248,0
276964,9955,0
276964,50359,0
276964,1271,9
276964,693,7
276964,14306,6
276964,497,0
276964,11199,9
276964,9982,0
276964,210577,5
276964,2501,7
276964,710,8
276964,2275,0
276964,37165,0
276964,9837,0
276964,10708,0
276964,136400,7
276964,10992,0
276964,9654,5
276964,2642,8
276964,8916,6
276964,19899,0
276964,2119,0
276964,9641,5
276964,294254,6
276964,38167,5
276965,5994,0
276975,39514,6
276981,9563,8
276984,547,10
276984,1538,0
276984,9334,8
276984,11128,8
276984,75780,0
276984,8914,0
276984,13576,0
276984,39538,0
276984,10628,0
276984,14836,0
276984,8645,0
276984,9509,8
276984,10067,0
276984,9384,0
276984,9279,0
276984,1487,5
276984,9422,0
276984,77174,8
276984,4824,0
276984,9620,0
276984,9302,7
276986,10199,9
276986,10771,0
276986,3512,9
276986,137094,7
276988,274479,6
276988,267860,7
276988,8078,0
276988,7485,7
276988,170687,0
276988,6435,0
276988,137106,8
276988,10040,7
276988,6278,0
276989,82682,7
276990,17610,7
276990,22954,0
276992,16995,2
276994,16558,0
276994,9849,9
276994,5820,0
276994,16866,0
276994,201,0
276994,11775,4
276994,87825,0
276994,12201,0
276994,11015,9
276994,9932,0
276994,13389,0
276994,8838,8
276994,17332,0
276994,4958,0
276994,786,0
276994,9513,0
276994,11679,8
276994,38321,0
276997,14411,0
276998,8413,7
276998,10052,0
277002,9676,10
277007,9664,0
277009,2100,0
277010,10384,7
277010,137321,7
277012,123553,5
277012,11260,0
277012,9009,8
277018,11374,6
277018,2309,0
277018,8285,0
277019,210860,9
277022,2312,0
277023,9839,0
277028,381902,0
277031,13922,8
277032,293660,0
277035,9713,5
277036,190859,0
277036,257445,9
277036,9007,4
277036,889,8
277040,1370,6
277042,4942,2
277042,347969,7
277042,24438,8
277042,116741,3
277042,35791,5
277042,72431,0
277042,1813,0
277042,87428,0
277042,8840,0
277042,10589,0
277042,71676,0
277042,1722,0
277042,10022,0
277042,11358,0
277042,13,0
277042,6477,10
277042,1597,0
277042,10530,0
277048,1924,6
277048,9327,0
277048,8488,0
277051,10603,9
277051,8273,0
277051,109424,8
277051,35056,9
277051,8839,0
277051,156022,0
277051,7303,0
277051,8963,0
277051,1402,0
277051,9315,0
277051,8984,0
277051,795,0
277051,24,8
277051,11353,5
277052,393,0
277053,9618,8
277056,9374,9
277058,8584,0
277058,2320,0
277064,58224,0
277065,1729,8
277072,175574,0
277073,8077,0
277074,8818,0
277075,8195,0
277079,10586,10
277085,116149,9
277085,80035,0
277087,10632,0
277087,12117,0
277087,1792,8
277087,13260,4
277087,72197,0
277087,3580,8
277087,12123,5
277087,9566,8
277087,9833,0
277087,4517,5
277087,8202,0
277087,16072,5
277087,34314,8
277087,19724,0
277087,145220,10
277087,14623,7
277087,42297,8
277087,2841,0
277087,802,0
277090,10375,0
277094,36586,0
277096,11321,8
277102,70074,0
277107,242,3
277107,9621,6
277107,1819,0
277107,8536,0
277107,8046,0
277107,1717,0
277109,479,8
277109,9444,9
277109,824,5
277109,11456,5
277109,261023,5
277109,3683,6
277114,22803,10
277116,285923,10
277123,39437,10
277124,1950,10
277124,640,10
277124,97630,7
277124,9767,6
277128,11631,3
277128,32856,0
277128,6519,0
277129,8741,0
277134,49520,0
277135,1850,6
277139,524,9
277139,26389,0
277139,11817,10
277142,2123,5
277143,9907,0
277143,9969,0
277143,18239,8
277143,808,5
277143,38050,9
277143,8367,9
277143,9390,6
277143,72105,7
277149,2898,0
277155,10312,0
277157,109443,6
277157,2022,7
277157,37686,8
277157,462,0
277157,9919,8
277157,187017,0
277157,628,7
277157,10201,9
277157,302699,6
277157,9441,7
277157,274167,5
277157,224141,0
277157,388,9
277157,2112,0
277157,10329,0
277157,74465,0
277157,13811,0
277157,6877,8
277157,10320,10
277157,50646,10
277157,8920,5
277157,13673,9
277157,60308,0
277157,6950,0
277157,225574,5
277157,13836,8
277157,752,9
277157,6038,6
277157,9975,0
277157,11451,8
277157,12103,8
277157,60304,0
277157,2251,0
277157,46529,0
277157,231,0
277157,300671,0
277157,228326,0
277157,9754,6
277157,66,7
277157,4421,5
277157,2649,0
277157,588,0
277157,10393,8
277157,71552,0
277157,9631,8
277157,216282,8
277157,306,0
277157,928,10
277157,205587,0
277157,6623,9
277157,1577,0
277157,9801,7
277157,2116,7
277157,9624,0
277157,14199,6
277157,1907,0
277157,4599,8
277157,22832,0
277157,10390,5
277157,9879,3
277159,38579,8
277165,44603,5
277168,11892,0
277168,9691,8
277168,1248,0
277168,12220,5
277168,72710,5
277168,10782,5
277168,9573,0
277168,4959,8
277168,10061,3
277168,10386,0
277168,421,0
277168,316152,0
277168,11615,0
277168,13498,10
277168,241554,0
277168,2252,5
277168,11968,0
277168,10047,9
277168,38319,9
277168,69668,7
277168,9770,0
277168,11212,8
277168,10533,0
277168,38363,0
277168,9923,7
277168,11863,0
277170,18501,7
277170,109491,0
277170,9275,6
277170,329833,0
277170,12634,0
277170,10416,9
277170,47327,5
277171,15268,7
277171,10796,0
277171,9548,0
277171,18947,7
277171,1900,5
277171,89,0
277171,96724,7
277171,198184,8
277171,9481,0
277171,4547,0
277171,53953,6
277171,6415,8
277171,181283,0
277171,9896,0
277171,167,7
277171,11232,5
277171,1636,5
277171,2148,5
277171,5176,5
277171,260346,5
277171,1389,8
277176,9894,5
277179,7504,6
277179,8592,5
277180,913,7
277180,11091,8
277183,1368,7
277186,593,0
277186,5393,0
277186,9095,5
277186,8874,9
277186,11467,0
277186,320,8
277186,199,0
277186,20533,5
277186,10684,0
277186,1624,9
277187,325789,0
277187,113464,8
277187,888,7
277187,82675,0
277187,4256,6
277187,1493,0
277187,88751,6
277187,11130,6
277187,9944,8
277187,10731,0
277187,7350,0
277187,9869,9
277187,4379,0
277187,146233,5
277187,2034,0
277187,926,0
277187,4248,0
277187,64328,0
277187,36647,0
277187,7214,0
277187,1537,0
277187,9360,8
277187,6282,7
277187,508,0
277187,9487,6
277187,768,9
277187,2636,0
277187,10478,7
277187,27983,0
277187,9981,0
277187,7453,7
277187,15045,0
277187,7737,0
277187,232672,4
277187,17379,0
277187,8987,6
277187,11359,0
277188,82525,0
277188,9759,0
277188,9486,0
277188,9906,0
277188,841,0
277189,4688,8
277195,4148,0
277195,2207,0
277195,9381,0
277195,9625,9
277195,9304,8
277195,20856,0
277195,5955,0
277195,9899,8
277195,9826,9
277195,21355,0
277195,10858,0
277195,11439,4
277195,9457,7
277195,12412,0
277195,1494,7
277195,13184,6
277195,2185,4
277195,6639,3
277195,38153,0
277195,58233,9
277195,116977,0
277195,68734,5
277195,5503,6
277195,27573,0
277195,819,6
277195,1369,6
277195,9623,0
277195,10895,0
277195,10935,0
277195,834,0
277195,228066,0
277195,711,9
277195,10468,0
277195,10027,5
277195,11812,9
277195,37233,9
277195,37950,5
277195,27582,9
277195,64688,0
277195,509,8
277195,7443,7
277195,5966,0
277195,11066,0
277195,136795,5
277195,8095,7
277195,87826,8
277195,11560,5
277195,25189,0
277195,2637,0
277195,18480,6
277195,709,8
277195,49730,0
277195,2749,0
277195,9607,0
277195,1830,0
277195,79,0
277195,54054,6
277195,228967,0
277195,46528,5
277195,27936,5
277195,65,5
277195,280391,6
277195,9476,0
277195,10610,0
277195,745,0
277195,49527,6
277195,73937,7
277195,1885,0
277195,168672,5
277195,18240,0
277195,10398,5
277195,165,4
277195,240832,4
277195,216015,0
277195,12279,8
277195,1645,9
277195,11007,9
277195,193756,7
277195,11287,7
277195,259693,0
277195,37799,7
277195,10184,9
277195,4257,8
277195,4234,7
277195,196,6
277195,257091,5
277195,6114,9
277195,24803,9
277195,109410,0
277195,1213,0
277195,100042,8
277195,9036,0
277195,257211,0
277195,323675,5
277195,9361,0
277195,1677,4
277195,187,8
277195,7461,0
277195,16538,5
277196,9889,6
277196,820,6
277196,11565,0
277196,6073,7
277196,16996,7
277196,193610,0
277196,19912,8
277196,296098,0
277196,8007,0
277196,32823,0
277196,4380,5
277196,11551,0
277196,10336,9
277196,11362,8
277196,50348,0
277196,48138,0
277197,1124,0
277197,227159,7
277197,68179,8
277197,1579,0
277197,708,3
277197,34851,0
277203,9930,8
277203,1586,8
277203,2044,7
277203,9913,0
277203,71864,9
277203,10761,0
277203,209451,0
277203,11975,7
277203,4970,0
277203,11831,0
277203,9096,0
277203,440,0
277203,11011,0
277203,10641,9
277203,11172,0
277203,39513,0
277203,82687,0
277203,41446,0
277203,8224,7
277203,10537,0
277203,225886,0
277203,10385,9
277203,55779,7
277203,10154,8
277203,10647,0
277203,11431,7
277203,8457,8
277203,188161,0
277203,8850,0
277203,64685,0
277203,38357,0
277203,10060,0
277203,11398,0
277203,1833,6
277203,10391,0
277203,8970,0
277203,9306,0
277203,11370,8
277203,12184,0
277203,1921,0
277203,1683,0
277203,203,0
277203,11858,5
277203,62835,8
277203,18937,0
277203,13536,5
277203,15556,4
277203,10718,0
277203,11062,0
277203,10802,0
277203,1887,0
277203,6071,0
277203,10461,0
277203,80278,0
277203,12704,0
277203,10315,9
277203,16643,7
277205,2687,6
277209,194,0
277212,11025,7
277220,8849,0
277221,78698,0
277228,30943,8
277228,9544,0
277228,24418,0
277228,7288,0
277229,14655,0
277230,24575,7
277230,10366,0
277230,19898,0
277231,4965,0
277231,15074,0
277232,56715,0
277235,1272,7
277235,72358,2
277235,20542,0
277237,266396,8
277240,9978,0
277242,8271,5
277243,10428,5
277244,5353,7
277244,11934,0
277244,14392,0
277244,19495,9
277244,110415,7
277244,77459,7
277244,26486,5
277244,9495,0
277245,256040,0
277246,24420,0
277249,1257,7
277249,62214,5
277249,16320,7
277253,8842,9
277256,9531,8
277257,64807,8
277261,12289,0
277262,11529,0
277265,20943,0
277267,9099,0
277268,9488,5
277269,193,7
277271,44865,9
277272,55787,0
277272,257932,0
277272,10400,0
277272,1957,0
277272,10833,0
277272,256961,0
277272,5852,0
277272,12312,0
277272,622,0
277272,11306,0
277272,12508,7
277272,25793,0
277272,10534,0
277272,1091,0
277272,87421,0
277272,10871,6
277272,13503,0
277272,13600,0
277272,68722,5
277272,14324,8
277274,14325,8
277281,299687,0
277284,312221,0
277285,23168,3
277288,76494,0
277291,4944,0
277292,10488,0
277293,96721,0
277305,334,8
277314,23742,0
277315,259694,0
277315,62837,0
277317,8966,0
277330,8470,0
277334,11001,5
277334,138832,7
277338,16911,0
277338,2163,0
277339,36670,8
277340,23048,7
277340,227735,8
277340,2155,0
277341,8409,7
277343,222936,0
277348,31908,8
277351,10219,0
277351,48171,4
277351,782,9
277351,75531,7
277351,11802,0
277351,9776,8
277353,18785,9
277358,365222,9
277359,817,0
277359,268,7
277359,45054,8
277363,943,7
277363,22881,0
277363,10054,0
277363,51540,9
277364,44264,7
277364,350,9
277367,152,0
277369,109431,8
277371,1598,7
277374,8065,0
277375,271718,8
277378,11638,0
277378,409,7
277378,2118,7
277378,11459,0
277378,10806,0
277378,9348,0
277378,377,6
277378,8843,7
277378,9313,8
277378,39486,0
277378,1273,7
277378,13920,8
277378,50544,4
277378,325133,9
277378,140823,9
277378,1883,0
277378,89492,0
277378,22949,0
277378,12437,8
277378,2959,8
277378,9957,0
277378,11648,0
277378,9366,0
277378,1576,0
277378,609,8
277378,5516,0
277378,13051,0
277378,49530,8
277378,34806,0
277378,49022,0
277378,11469,7
277378,23479,0
277378,11667,0
277378,423,0
277378,2447,8
277378,10066,8
277378,2288,0
277378,88794,0
277378,13515,3
277378,11979,9
277378,169,0
277378,8090,0
277378,11622,0
277378,3604,0
277378,9541,0
277378,94348,0
277378,8197,0
277378,336004,7
277378,35019,0
277378,10410,7
277378,8836,7
277378,14442,0
277378,321741,8
277378,59965,0
277378,14175,0
277378,11004,0
277378,11918,0
277378,98357,0
277378,10012,0
277378,49526,0
277379,268920,8
277379,9093,8
277380,119283,6
277384,11823,7
277388,35169,0
277389,118957,0
277392,849,0
277397,4515,8
277399,18886,8
277400,6575,0
277400,6440,0
277400,13496,9
277400,18320,7
277400,22787,0
277400,8967,0
277400,37498,0
277402,144336,0
277405,9616,0
277408,13056,0
277411,14113,8
277413,285783,0
277413,49478,7
277424,9726,0
277425,20763,0
277427,9702,0
277427,9311,0
277427,9280,0
277427,26843,5
277427,11876,0
277427,22267,0
277427,45958,0
277427,1969,2
277427,310706,0
277427,198663,5
277427,239573,0
277427,10436,6
277427,1381,9
277427,2162,5
277427,127493,0
277427,12429,0
277427,228205,7
277427,2900,5
277427,21311,0
277427,77875,8
277427,192136,0
277427,18254,7
277427,881,0
277427,10877,9
277427,9600,8
277427,202575,6
277427,71469,8
277427,85446,0
277427,326,0
277427,10685,8
277427,7220,0
277427,9763,0
277427,72387,0
277427,12596,0
277427,1892,0
277427,13460,0
277427,8055,5
277427,50647,4
277427,10719,0
277427,9294,0
277427,11888,0
277427,9647,3
277427,9353,8
277427,55721,8
277427,109414,5
277427,10307,7
277427,11978,0
277427,22907,6
277427,87567,0
277427,38322,0
277427,45612,0
277427,7305,9
277427,3594,8
277427,157841,0
277427,11519,0
277427,12920,0
277427,59,0
277427,9335,0
277427,12106,0
277427,11141,0
277427,8649,0
277427,31867,0
277427,10253,0
277427,3587,0
277427,124459,9
277427,24662,0
277427,32274,8
277427,182,0
277427,5494,0
277427,28,8
277427,38073,0
277427,2054,0
277427,302156,0
277427,606,0
277427,87502,0
277427,698,9
277427,120467,0
277427,11313,0
277427,6488,8
277427,10559,8
277427,296099,0
277427,8012,7
277427,1574,0
277427,9032,7
277427,2770,0
277427,862,0
277427,1637,9
277427,72570,0
277427,27569,0
277427,10637,7
277427,1669,6
277427,132363,3
277427,9472,5
277427,2907,0
277427,9273,5
277427,9880,5
277427,2925,0
277427,807,8
277427,17654,0
277427,11836,8
277427,322,5
277427,70,0
277427,9535,0
277427,11036,8
277427,6557,0
277427,18126,5
277427,16340,7
277427,10333,8
277427,4476,0
277427,22947,0
277427,2755,8
277427,82654,8
277427,59967,0
277427,16300,8
277427,9598,0
277427,82696,8
277427,9870,0
277427,8292,0
277427,8780,8
277427,9715,8
277427,10521,0
277427,10762,0
277427,10096,0
277427,59436,8
277427,227783,0
277427,4133,0
277427,10207,0
277427,172,0
277427,21972,0
277427,36593,0
277427,707,0
277427,533,9
277427,6023,6
277427,6439,0
277427,4347,8
277427,37056,0
277427,4105,0
277427,76489,7
277427,3933,0
277427,9918,7
277427,273481,0
277427,307081,0
277427,16871,0
277427,293863,0
277427,13156,0
277427,41233,0
277427,9266,0
277427,1262,0
277427,4513,7
277427,22970,0
277427,7278,9
277427,9013,9
277427,865,9
277427,10776,0
277427,50456,0
277427,9823,0
277427,59861,0
277427,133805,0
277427,12763,8
277427,9766,8
277427,14034,8
277427,12244,8
277427,109421,8
277427,11137,7
277427,51162,0
277427,10152,0
277427,9452,6
277427,239566,7
277427,53113,0
277427,9271,8
277427,4474,9
277427,184346,5
277427,48340,7
277427,14846,8
277427,72207,0
277427,16232,0
277427,43539,0
277427,9920,0
277427,8978,6
277427,11702,0
277427,18550,8
277427,8869,3
277427,43347,0
277427,3489,8
277427,9701,0
277427,2122,0
277427,37707,9
277427,10658,0
277427,13150,0
277427,9042,0
277427,17813,0
277427,11208,0
277427,58151,0
277427,11400,7
277427,10350,5
277427,28902,0
277427,14164,0
277427,76640,0
277427,11058,0
277427,14844,0
277427,57089,0
277427,1947,0
277427,8054,8
277427,46829,0
277427,146238,8
277427,9989,7
277427,9665,0
277427,311,0
277427,102362,7
277427,11162,8
277427,6016,0
277427,17186,0
277427,13967,4
277427,2008,6
277427,9053,6
277427,4512,0
277427,76349,7
277427,31203,0
277427,265208,0
277427,45610,0
277427,50135,0
277427,1874,0
277427,271331,0
277427,215211,0
277427,367961,0
277427,10955,0
277427,223702,0
277427,254470,0
277427,69,0
277427,4967,0
277427,9449,0
277427,11499,0
277427,4912,9
277427,12771,0
277427,323676,0
277427,12506,0
277427,24071,0
277427,11249,0
277427,9667,0
277427,812,0
277427,277216,0
277427,87,0
277427,14444,8
277427,2043,0
277427,315664,0
277427,1428,0
277427,562,0
277427,15373,0
277427,318846,9
277427,26320,0
277427,14292,0
277427,924,0
277427,2018,0
277427,192577,0
277427,9428,8
277427,2832,4
277427,137093,7
277427,699,9
277427,9778,0
277427,8831,0
277427,9398,0
277427,112949,5
277427,10439,0
277427,3638,0
277427,23483,0
277427,62206,0
277427,10577,0
277427,218778,0
277427,4348,0
277427,78,8
277427,11780,2
277427,192102,0
277427,2001,0
277427,10383,0
277427,11516,3
277427,10025,0
277427,15198,0
277427,23172,6
277427,17834,5
277427,10016,0
277427,10317,0
277427,58431,0
277427,9746,8
277427,13092,0
277427,59859,0
277427,13495,0
277427,254473,8
277427,700,7
277427,4964,0
277427,10024,0
277427,13490,0
277427,15927,0
277427,1259,0
277427,5125,0
277427,174,8
277427,9583,0
277427,9437,1
277427,525,0
277427,10188,0
277427,63574,0
277427,245,7
277427,9825,5
277427,186,0
277427,9549,9
277427,61891,0
277427,34584,0
277427,2666,7
277427,12783,0
277427,13155,3
277427,42807,0
277427,28355,0
277427,8080,0
277427,5126,0
277427,56288,0
277427,303858,7
277427,1613,0
277427,31582,7
277427,16617,0
277427,8944,0
277427,41488,7
277427,37028,0
277427,14560,0
277427,10330,0
277427,6957,0
277427,1934,0
277427,169917,0
277427,951,0
277427,10189,9
277427,9454,0
277427,2055,0
277427,1551,0
277427,5902,0
277427,11460,0
277427,9358,5
277427,134,0
277427,22894,0
277427,134374,0
277427,1901,7
277427,15028,8
277427,11509,0
277427,7445,0
277427,17047,7
277427,62838,0
277427,2057,0
277427,70436,0
277427,16784,0
277427,8011,8
277427,31640,8
277427,9092,7
277427,2779,0
277427,316002,8
277427,36355,0
277427,238615,0
277427,1985,0
277427,615,0
277427,788,0
277427,380,7
277427,13223,4
277427,10523,5
277427,8681,0
277427,239571,0
277427,619,9
277427,424,0
277427,50014,7
277427,162903,9
277427,11024,0
277427,208763,0
277427,6466,8
277427,254024,6
277427,12589,8
277427,7191,7
277427,1497,8
277427,117,9
277427,6977,7
277427,168530,4
277427,634,0
277427,392,0
277427,10327,0
277427,88042,0
277427,41630,0
277427,11969,0
277427,2085,0
277427,794,7
277427,9286,5
277427,77877,0
277427,1265,0
277427,866,0
277427,175555,0
277427,75174,0
277427,11096,7
277427,8699,7
277427,769,0
277427,10923,0
277427,11283,0
277427,111,0
277427,11676,0
277427,746,0
277427,77866,0
277427,9416,0
277427,7345,0
277427,14317,8
277427,20694,8
277427,12277,0
277427,9779,8
277427,2140,0
277427,12620,4
277427,14177,0
277427,198185,0
277427,227156,0
277427,10735,8
277427,11351,0
277427,10030,8
277427,10623,0
277427,590,8
277427,9655,9
277427,1268,0
277427,11237,0
277427,190955,1
277427,5123,0
277427,4518,5
277427,11932,9
277427,11165,0
277427,6116,0
277427,57431,0
277427,21724,8
277427,278,8
277427,9290,0
277427,11543,0
277427,284536,0
277427,152737,5
277427,13374,7
277427,8976,0
277427,319888,0
277427,9469,7
277427,1909,0
277427,22971,5
277427,34813,0
277427,46261,0
277427,10431,0
277427,8051,0
277427,9352,0
277427,10167,7
277427,18147,0
277427,17170,8
277427,18975,3
277427,15487,5
277427,22825,0
277427,11152,0
277427,1831,9
277427,43931,9
277427,10591,9
277427,10861,7
277427,12770,8
277427,276907,0
277427,10074,1
277427,65055,9
277427,10397,0
277427,200505,5
277427,11954,0
277427,60309,0
277427,9787,7
277427,293646,0
277427,6978,0
277427,133698,5
277427,59440,0
277427,1770,7
277427,10655,8
277427,8988,0
277427,15992,0
277427,17707,0
277427,77883,0
277427,40001,0
277427,64639,0
277427,9903,0
277427,21338,7
277427,20766,0
277427,24264,3
277427,19803,0
277427,20309,0
277427,9912,0
277427,9067,0
277427,27360,0
277427,8338,7
277427,168705,8
277427,72113,4
277427,9729,0
277427,94352,9
277427,22256,7
277427,12404,6
277427,152742,0
277427,11699,0
277427,49953,0
277427,48034,0
277427,39845,0
277427,25353,0
277427,36696,0
277427,109091,0
277432,38543,0
277433,33157,8
277433,290864,6
277433,242166,5
277434,859,0
277434,83770,0
277435,168,0
277436,1246,5
277436,4233,8
277436,174751,0
277436,184098,9
277439,2069,0
277439,1788,0
277439,11635,0
277439,177,0
277439,3600,5
277439,2621,0
277439,10358,9
277439,10480,8
277439,10313,0
277439,18828,0
277439,3558,0
277439,13476,8
277439,10208,8
277444,24961,7
277453,20697,6
277457,20761,0
277457,70868,0
277461,43593,0
277462,6478,0
277466,40688,0
277466,26672,0
277466,45881,3
277466,41283,5
277466,4935,0
277466,19908,0
277466,10663,0
277466,1891,0
277466,9737,0
277466,37137,0
277466,9532,8
277466,10316,8
277466,2787,0
277466,12658,8
277466,152601,7
277466,10866,0
277466,227707,0
277466,21349,0
277466,19150,0
277466,70435,0
277469,580,0
277469,9819,0
277470,13579,0
277471,20024,0
277471,2453,0
277471,6973,7
277473,11156,0
277474,354110,0
277478,22215,0
277478,11632,0
277478,30596,0
277478,3021,0
277478,957,0
277478,256917,6
277478,251,0
277478,544,0
277478,11395,0
277478,14635,7
277478,13680,6
277478,688,7
277478,11090,0
277478,783,0
277478,228194,0
277478,1642,5
277478,10950,0
277478,235260,0
277478,277,0
277478,8999,0
277478,11323,6
277478,10445,9
277478,11453,0
277478,146239,7
277478,205588,0
277478,10878,0
277478,82650,0
277478,10279,6
277478,2294,0
277478,2176,0
277478,270487,0
277478,19366,0
277478,204082,0
277478,24100,5
277478,1599,0
277478,5550,0
277478,30379,3
277478,42586,0
277478,17709,8
277478,287948,5
277478,7548,7
277478,9075,0
277478,11661,0
277478,109513,0
277478,12085,0
277478,204922,0
277478,38985,0
277478,44113,6
277478,21494,7
277478,164457,0
277478,4566,0
277478,17795,8
277478,1073,0
277478,153158,7
277478,81836,0
277478,10724,0
277478,9473,0
277478,2196,0
277478,1499,0
277478,20857,0
277478,82693,8
277478,1646,9
277478,44944,0
277478,4108,0
277478,8456,0
277478,7341,7
277478,19255,8
277478,10187,0
277478,31005,0
277478,49517,0
277478,44857,0
277478,50780,7
277478,16363,0
277478,1946,6
277478,85,0
277478,772,0
277478,840,0
277478,9682,7
277478,96,0
277478,10678,3
277478,274,0
277478,8872,7
277478,16290,0
277478,579,0
277478,14405,1
277478,138843,7
277478,11637,8
277478,226486,8
277478,1584,7
277478,9312,6
277478,12153,0
277478,65057,0
277478,8326,0
277478,35690,0
277478,76203,0
277478,13497,7
277478,35688,0
277478,162,5
277478,296096,5
277478,103370,0
277478,1051,0
277478,376659,8
277478,10073,0
277478,16690,0
277478,273895,0
277478,14873,0
277478,8968,8
277478,9963,0
277478,15655,0
277478,21208,0
277478,272878,7
277478,9760,0
277478,314365,0
277478,13279,7
277478,1975,0
277478,33644,7
277478,1649,7
277478,9895,8
277478,9570,0
277478,27579,0
277478,16052,7
277478,40264,0
277478,1164,0
277478,239678,0
277478,14359,0
277478,3989,0
277478,76617,8
277478,1710,0
277478,4258,0
277478,20391,7
277478,10139,5
277478,335778,0
277478,9645,0
277478,55465,0
277478,617,0
277478,19904,0
277478,48289,0
277478,243,0
277478,6933,0
277478,17182,0
277478,8848,5
277478,38,0
277478,38303,5
277478,1266,0
277478,107985,0
277478,14043,0
277478,19901,8
277478,34016,7
277478,59860,0
277478,10069,0
277478,9588,0
277478,12819,0
277478,9954,0
277478,10115,0
277478,25132,0
277478,577,8
277478,328387,9
277478,12690,0
277478,9945,8
277478,539,0
277478,13596,6
277478,226857,6
277478,13159,7
277478,47941,0
277478,526,8
277478,22796,0
277478,2355,7
277478,5915,0
277478,9842,6
277478,61012,0
277478,755,0
277478,13682,4
277478,9089,7
277478,9470,8
277478,18357,0
277478,7979,0
277478,470,0
277478,15644,0
277478,9582,0
277478,10642,5
277478,22074,5
277478,2428,0
277478,290751,8
277478,13805,8
277478,4597,0
277478,9414,0
277478,63492,0
277478,81796,6
277478,10710,0
277478,15092,0
277478,11382,0
277478,15005,0
277478,8198,8
277478,6963,8
277478,15070,8
277478,12797,0
277478,17134,0
277478,41402,7
277478,18885,7
277478,4953,7
277478,10773,9
277478,146198,0
277478,2639,2
277478,10563,9
277478,295964,8
277478,5971,9
277478,9716,6
277478,11835,6
277478,26171,7
277478,31117,0
277478,9074,0
277478,14396,0
277478,15673,0
277478,42618,0
277479,171274,0
277486,24432,0
277488,109417,0
277489,13948,0
277502,106747,0
277506,10929,0
277508,14220,0
277509,46435,0
277509,256962,8
277509,48231,0
277509,3509,0
277509,82684,0
277509,12142,0
277509,23367,0
277509,10740,0
277513,241239,5
277513,14582,0
277513,14914,0
277514,3902,0
277514,77948,6
277514,21755,0
277516,4960,0
277517,128,3
277517,14652,0
277517,40932,0
277517,16608,7
277518,334531,0
277519,32316,9
277523,7299,0
277523,13405,0
277523,19457,0
277523,112937,0
277523,314385,0
277523,8953,0
277523,29078,0
277523,46503,0
277523,10448,0
277523,13688,0
277523,10353,0
277523,43935,0
277523,11458,0
277523,44638,0
277523,241257,0
277523,14538,0
277523,13250,0
277523,133931,0
277523,280871,0
277523,239897,0
277523,184341,0
277523,334074,0
277523,199373,0
277523,14202,0
277523,6968,0
277523,581,0
277525,52449,0
277526,12150,0
277527,11247,0
277527,4232,0
277527,9378,0
277527,694,0
277527,105,0
277527,11377,0
277527,26367,0
277527,385383,0
277527,41210,0
277528,12090,0
277529,62630,0
277530,16110,0
277532,29427,0
277533,129,0
277533,244114,0
277535,2669,0
277535,203833,0
277535,13523,0
277538,25195,0
277544,17277,0
277544,50725,0
277547,82631,0
277548,73191,0
277554,22479,0
277554,340611,0
277554,10065,0
277554,2757,0
277554,11683,0
277554,244339,0
277554,1878,0
277554,23082,0
277554,195589,0
277556,854,0
277559,2280,0
277560,496,0
277562,8835,0
277562,157,0
277562,8643,0
277562,10402,0
277562,218043,0
277562,9043,0
277562,21301,0
277562,10147,0
277562,816,0
277562,302688,0
277562,60307,0
277562,106,0
277563,279,0
277563,8617,0
277563,10625,0
277563,10934,0
277563,5279,0
277563,10013,0
277563,194662,0
277563,160588,0
277563,9829,0
277563,10028,0
277565,10535,0
277565,790,0
277565,43959,0
277565,10364,0
277565,16991,0
277565,9610,0
277565,1578,7
277565,25643,0
277565,11904,0
277568,28665,0
277569,44115,0
277569,10569,0
277569,10560,0
277574,333348,0
277575,20483,0
277575,11457,0
277575,321697,0
277575,19840,0
277579,22327,0
277585,38665,0
277585,2575,0
277585,11644,0
277585,146227,0
277586,68924,0
277588,253235,0
277588,22102,0
277588,18701,0
277588,10068,0
277589,848,0
277589,36811,0
277589,522,0
277589,130150,0
277589,12246,0
277589,13809,0
277589,27380,0
277590,10549,0
277594,33870,0
277595,245703,0
277596,10739,0
277598,127560,0
277601,37903,0
277601,396152,0
277605,10017,0
277605,11468,0
277605,193613,0
277605,17436,0
277610,43434,0
277619,31166,0
277622,69848,0
277623,8408,0
277623,332411,0
277623,9389,0
277623,9626,0
277623,75638,0
277623,8363,0
277623,15670,0
277623,290555,0
277623,8328,0
277623,10982,0
277627,205,0
277627,1620,0
277627,175541,0
277627,241254,0
277627,31932,0
277627,1933,0
277629,679,0
277629,11113,0
277629,3597,0
277629,193893,0
277629,9675,0
277629,9988,0
277629,948,0
277629,21765,0
277629,146304,0
277629,7516,0
277629,41439,0
277629,2752,0
277629,9429,0
277629,38117,0
277629,9792,0
277629,13778,0
277632,228203,0
277633,41382,0
277636,13960,0
277638,114150,0
277638,26602,0
277639,10223,0
277639,16028,0
277639,15639,0
277639,16112,0
277639,26390,0
277639,27759,0
277639,109428,0
277639,23049,0
277639,9310,0
277639,11411,0
277639,16988,0
277639,7304,0
277639,24747,0
277639,58048,0
277639,1491,0
277639,2989,0
277639,10629,0
277639,255343,0
277639,4723,0
277639,10800,0
277639,25763,0
277639,79694,0
277639,4032,0
277639,18615,0
277639,10673,0
277639,4584,0
277639,2977,0
277639,10760,0
277639,11093,0
277639,207,0
277639,8467,0
277639,639,0
277639,24226,0
277639,9285,0
277639,14709,0
277639,74643,0
277639,13788,0
277639,83666,0
277639,10781,0
277639,318850,0
277639,13908,0
277639,1417,0
277639,39180,0
277639,16161,0
277639,49950,0
277639,10956,0
277639,9594,0
277639,4638,0
277639,13972,0
277639,5038,0
277639,13491,0
277639,10571,0
277639,10994,0
277639,19994,0
277639,25166,0
277639,30890,0
277639,23169,0
277639,17403,0
277639,12120,0
277639,9800,0
277639,1090,0
277639,18475,0
277639,40160,0
277639,18074,0
277639,9689,0
277639,9781,0
277639,8009,0
277639,3877,0
277639,8854,0
277639,152599,0
277639,18840,0
277639,68727,0
277639,12657,0
277639,8265,0
277639,12410,0
277639,34647,0
277639,73935,0
277639,28178,0
277639,185567,0
277639,264656,0
277639,35696,0
277639,16351,0
277639,38717,0
277639,18777,0
277639,2110,0
277639,9035,0
277639,90,0
277639,771,0
277639,12154,0
277639,9576,0
277639,744,0
277639,146,0
277639,14,0
277639,45269,7
277639,9493,7
277639,22556,0
277639,873,0
277639,33196,0
277639,205596,0
277639,10765,0
277639,16769,0
277639,33217,0
277639,132232,0
277639,11153,0
277639,208134,0
277639,1165,0
277639,4011,0
277639,17202,0
277639,9587,0
277639,65086,0
277639,10053,0
277639,11870,0
277639,11778,0
277639,586,0
277639,18736,0
277639,134411,0
277639,287903,0
277639,9276,0
277639,15765,0
277639,2142,0
277639,11397,0
277639,77016,0
277639,11478,0
277639,266856,0
277639,13411,0
277639,10564,0
277639,947,0
277639,24150,0
277639,228970,0
277639,18405,0
277639,6961,0
277639,11442,0
277639,2493,0
277639,14047,0
277639,64690,0
277639,11132,0
277639,17127,0
277639,1562,0
277639,232679,0
277639,17880,0
277639,14736,0
277639,9434,0
277639,23706,0
277639,11531,0
277639,9100,0
277639,116,0
277639,38843,0
277639,1245,0
277639,4995,0
277639,10413,0
277639,14012,6
277639,9793,0
277639,12212,0
277639,13768,8
277639,8975,8
277639,342521,0
277639,45272,0
277639,9424,0
277639,97367,0
277639,254904,0
277639,18681,0
277639,12162,0
277639,11495,0
277639,64689,0
277639,157849,0
277639,13166,0
277639,15511,8
277639,37003,0
277639,12211,0
277639,13816,0
277639,51828,0
277639,22798,0
277639,7501,0
277639,10743,0
277639,37718,0
277639,15237,0
277639,9686,0
277639,17644,0
277639,97430,0
277639,12257,0
277639,13539,0
277639,68,0
277639,14024,0
277639,115,0
277639,7874,0
277639,4911,0
277639,1988,0
277639,16222,0
277639,9557,0
277639,9026,0
277639,57943,0
277639,18276,0
277639,8321,0
277639,72359,0
277639,10186,0
277639,25704,0
277639,133694,0
277639,19265,0
277639,36047,4
277639,8053,0
277639,2290,0
277639,5236,0
277639,6552,5
277639,1018,5
277639,10075,0
277639,38031,5
277639,42188,0
277639,112430,0
277639,6687,0
277639,13853,0
277639,31306,8
277639,8461,0
277639,331592,0
277639,47692,0
277639,19,1
277639,10045,1
277639,400,1
277639,253450,0
277639,9104,0
277639,11190,0
277639,16353,0
277639,23759,0
277639,24206,0
277639,10185,0
277639,75033,0
277639,74536,0
277639,31668,0
277639,13501,0
277639,15208,0
277639,172391,0
277639,262543,0
277639,9288,0
277639,370980,0
277639,20083,0
277639,40880,0
277639,137,0
277639,264999,0
277639,454,0
277639,53457,0
277639,288980,0
277639,33,0
277639,1951,0
277639,12405,0
277639,10998,0
277639,114,8
277639,9396,0
277639,319910,0
277639,2604,0
277639,864,0
277639,14435,0
277639,1931,0
277639,691,0
277639,9877,0
277639,62008,0
277639,12227,0
277639,13824,0
277639,71688,0
277639,15173,0
277639,8291,0
277639,13950,0
277639,12158,0
277639,11586,0
277639,10008,0
277639,2830,0
277639,12403,0
277639,34563,0
277639,14557,0
277639,10368,0
277639,10280,0
277639,12637,0
277641,34152,0
277641,14434,0
277643,11470,0
277646,10741,0
277647,24940,0
277648,82679,0
277648,2013,7
277650,1440,0
277650,18041,0
277651,28029,0
277651,1123,0
277651,14033,0
277657,87729,0
277660,16899,0
277660,41317,0
277662,245700,0
277662,37842,0
277662,9045,0
277662,44092,0
277662,16005,0
277662,44754,0
277662,23988,0
277662,43949,0
277662,142,0
277662,9603,0
277662,10712,0
277662,243938,0
277662,10876,0
277665,86838,0
277667,25208,0
277667,613,0
277667,1913,0
277680,97370,0
277680,801,0
277680,70829,0
277680,54518,0
277680,44214,0
277680,240,0
277681,9816,0
277681,10131,0
277681,339984,0
277681,8859,0
277681,11967,0
277681,239563,0
277681,222899,0
277681,4951,0
277681,10985,0
277681,9644,0
277681,332567,0
277681,1954,0
277681,15489,0
277681,15250,0
277681,22345,0
277681,9448,0
277681,38223,0
277681,11186,0
277681,136835,0
277682,5876,0
277687,264660,0
277687,492,0
277688,25462,0
277689,238603,0
277691,10691,0
277696,1251,0
277697,5172,0
277698,58680,0
277698,264644,0
277700,14577,0
277701,11592,0
277705,16406,0
277706,19052,0
277710,3682,0
277710,9683,0
277710,2084,0
277710,107811,0
277710,2266,0
277710,13074,0
277710,144340,0
277710,48217,0
277710,28211,0
277710,47502,0
277710,9950,0
277710,84892,0
277711,24227,0
277711,9672,0
277711,44853,0
277711,157544,0
277711,59678,0
277711,79777,0
277711,158011,0
277711,407887,0
277711,17043,0
277711,8952,0
277711,62204,0
277711,13435,0
277711,17187,0
277711,319,0
277711,59457,0
277711,9504,0
277711,37414,0
277711,6217,0
277711,26688,0
277711,43867,0
277711,6615,0
277711,14574,0
277711,16,0
277711,39780,0
277711,21612,0
277711,36691,0
277711,23631,0
277711,45324,0
277711,12144,0
277711,11658,8
277711,56601,7
277712,9552,0
277714,578,0
277716,2105,0
277720,126319,0
277722,10136,0
277722,67660,0
277722,10611,0
277722,154,0
277722,3049,0
277727,860,0
277727,9281,0
277727,75674,0
277728,9762,0
277737,3179,0
277737,184,0
277737,13335,0
277737,76726,0
277740,10269,0
277741,36819,0
277743,17130,0
277744,57214,0
277744,11202,0
277744,9357,0
277744,13812,0
277744,9030,0
277744,19084,0
277744,8386,0
277744,10437,0
277744,1360,0
277744,101267,0
277744,222935,0
277744,10220,0
277744,284296,0
277744,31915,0
277744,11601,0
277744,205220,0
277744,11354,0
277744,16241,0
277744,14191,0
277744,286565,0
277744,26710,0
277744,129670,0
277744,9059,0
277746,34549,0
277746,57157,0
277746,1948,0
277746,28353,0
277746,46889,0
277748,38093,0
277752,14976,0
277752,11027,0
277753,3635,0
277756,387,0
277759,6020,0
277761,122906,0
277764,9550,0
277765,60599,0
277767,227719,0
277768,14299,0
277769,19419,0
277774,12088,0
277775,14799,0
277776,9466,0
277777,7510,0
277778,31246,0
277779,61752,0
277781,10944,0
277782,10362,0
277783,14778,0
277784,1255,0
277786,45226,0
277787,10212,0
277788,8669,0
277790,179144,0
277791,16857,0
277793,86825,0
277794,844,0
277795,8060,0
277797,15907,0
277798,38448,0
277799,327,0
277800,9260,0
277801,61337,0
277802,13079,0
277803,89325,0
277807,4170,0
277808,41508,0
277809,12479,0
277811,44555,0
277812,10133,0
277813,21345,0
277814,173931,0
277814,61984,0
277816,50601,0
277817,26466,0
277818,345003,0
277819,236751,0
277820,107,0
277823,357837,0
277824,8913,0
277825,13889,0
277826,18530,0
277827,358451,0
277828,927,0
277830,11,0
277831,291870,0
277832,907,0
277833,206563,0
277834,11887,0
277835,45317,0
277837,12094,0
277838,10377,0
277840,249164,0
277841,256092,0
277842,9942,0
277843,10748,0
277844,1817,0
277845,10229,0
277847,687,0
277853,796,0
277856,22804,0
277856,10156,0
277856,12837,0
277856,17708,0
277862,13937,0
277864,28932,0
277867,31909,0
277872,167073,0
277873,3175,0
277873,14369,0
277873,16888,0
277873,121826,0
277873,10646,0
277873,12149,0
277877,304357,0
277879,11184,0
277879,766,0
277879,20009,0
277879,1587,0
277879,30973,0
277879,11109,0
277879,9027,0
277879,63020,0
277879,86829,0
277879,11065,0
277879,13888,0
277879,42345,0
277879,13994,0
277879,1590,0
277879,62728,0
277879,11917,0
277879,45138,0
277879,80271,0
277879,4657,0
277882,14395,0
277882,24137,0
277882,190847,0
277882,11056,0
277882,62,0
277882,601,0
277882,13067,0
277882,25379,0
277882,88641,0
277882,58051,0
277882,14877,0
277882,96399,0
277882,304410,0
277882,489,0
277882,373314,0
277884,214,0
277888,10890,0
277891,1588,0
277892,316727,0
277894,10314,0
277895,663,0
277898,11804,0
277901,16781,0
277901,11873,0
277901,9289,0
277901,10414,0
277901,1970,0
277901,9614,0
277901,8922,0
277901,1648,0
277901,17917,0
277901,74534,0
277901,19405,0
277901,9355,0
277901,10999,0
277901,321258,0
277901,44040,0
277901,10426,0
277901,280092,0
277901,13938,0
277901,10163,0
277901,12182,0
277903,1832,0
277904,9034,0
277908,15301,0
277909,10135,0
277911,26352,0
277913,20616,0
277915,9794,0
277915,15037,0
277915,227,0
277915,294272,0
277915,11336,0
277915,283445,0
277915,88036,0
277918,10984,0
277919,22824,0
277921,9526,0
277921,39349,0
277921,15983,0
277922,14544,0
277922,11545,0
277922,42684,0
277922,268238,0
277922,8359,0
277922,15648,0
277922,41823,0
277922,11891,0
277922,9362,0
277922,9902,0
277922,14729,0
277922,9455,0
277922,103731,0
277923,10090,0
277923,164558,0
277923,19905,0
277923,17710,0
277923,75900,0
277923,9515,8
277923,27322,6
277923,328425,6
277923,14120,0
277928,10050,0
277928,1542,0
277928,10490,0
277928,87093,0
277928,10029,0
277928,9893,0
277928,11507,0
277928,37931,0
277928,3472,0
277928,87818,0
277928,13160,0
277928,88005,0
277928,52067,0
277928,73,0
277928,134597,0
277928,24034,0
277928,14283,0
277928,404,0
277928,13201,0
277928,209403,0
277928,7942,0
277928,73247,0
277928,253331,0
277928,34043,0
277928,9952,0
277928,256924,0
277928,82532,0
277928,41110,0
277928,134371,0
277928,2088,0
277928,10388,0
277928,1640,0
277928,25520,0
277928,27342,0
277928,13689,0
277928,67911,0
277928,24664,0
277928,329440,0
277928,47890,0
277928,252512,0
277928,55720,0
277928,9613,0
277928,29076,0
277928,29339,0
277928,68812,0
277928,32740,0
277928,14195,0
277928,73567,0
277928,41479,0
277928,15394,0
277928,10071,0
277928,1989,0
277929,91076,0
277929,12779,0
277929,13191,0
277929,11770,0
277929,12703,0
277929,64559,0
277929,222649,0
277929,115872,0
277929,101173,0
277929,25350,0
277929,10034,0
277929,20178,0
277929,5072,0
277929,18191,0
277929,31007,0
277929,11546,0
277929,41894,0
277929,184374,0
277929,268171,0
277929,78149,0
277929,24663,0
277929,39037,0
277929,22805,0
277929,39055,0
277929,245846,0
277929,25186,0
277930,15017,0
277932,12245,0
277934,49787,7
277937,16358,0
277937,7006,0
277937,66767,0
277937,17622,0
277937,283671,0
277937,18516,0
277937,217708,0
277937,42057,0
277937,17577,0
277937,14608,0
277937,34417,0
277937,15067,0
277937,78383,0
277937,43090,0
277938,16614,0
277938,9700,0
277938,10471,0
277938,250066,0
277938,667,0
277938,208869,0
277938,86837,0
277938,10306,0
277941,106845,0
277945,11576,0
277945,219,0
277945,11827,0
277945,22820,0
277945,31174,0
277945,244316,0
277945,37737,0
277945,62215,0
277945,66125,0
277945,132316,0
277945,348,0
277945,30497,0
277945,27586,0
277945,14811,0
277945,660,0
277945,68684,0
277945,40794,0
277945,9400,0
277945,16162,0
277945,10585,0
277946,2359,0
277947,238636,0
277947,10472,0
277953,11282,0
277954,6521,0
277954,14181,0
277954,1621,0
277954,9656,0
277954,16428,0
277954,10705,0
277954,8272,0
277954,24621,0
277954,1619,0
277954,9685,0
277954,14425,0
277954,14624,0
277954,10179,0
277958,15568,0
277959,14057,0
277959,12621,0
277959,1808,0
277959,293670,0
277959,67675,0
277959,27329,0
277959,29514,0
277959,250349,0
277959,12454,0
277962,39806,0
277962,15699,0
277962,8883,0
277962,17926,0
277962,291081,0
277962,41248,0
277962,25968,0
277962,9671,0
277962,52010,0
277962,11588,0
277962,43418,0
277962,71157,0
277964,13483,0
277965,333355,0
277965,327833,0
277965,1547,0
277965,25196,0
277965,16323,0
277965,175528,0
277965,8069,0
277965,71805,0
277965,9451,0
277965,16727,7
277965,272693,0
277965,10696,0
277965,150202,0
277965,19644,0
277965,29963,0
277965,26022,0
277965,152747,0
277965,62676,0
277965,20360,0
277965,1116,0
277965,185008,0
277965,11620,0
277965,14353,0
277965,11818,0
277965,680,0
277965,11176,0
277965,242582,0
277965,11217,0
277965,15121,0
277965,2619,0
277965,773,0
277965,235,0
277965,170,0
277965,14114,0
277965,10734,0
277965,37964,0
277965,28121,0
277965,40807,0
277965,10885,0
277965,225565,0
277965,16471,0
277965,385736,0
277965,11971,0
277965,668,0
277965,11596,0
277965,14429,0
277965,13751,0
277965,9490,0
277965,14536,0
277965,1359,0
277965,9962,0
277965,15049,0
277969,22821,0
277975,42819,0
277978,209263,0
277978,37735,0
277982,59930,0
277982,10873,0
277982,51588,0
277982,23570,0
277982,19489,0
277982,14629,0
277982,8293,0
277982,291270,0
277982,44009,0
277982,1958,0
277982,13154,0
277982,26618,0
277982,43923,0
277982,46138,0
277982,45791,0
277982,26306,0
277982,110683,0
277982,26963,0
277982,198277,0
277982,7870,0
277984,13072,0
277984,153397,0
277984,30141,0
277984,17044,0
277984,10288,0
277984,12183,0
277984,44147,0
277984,12192,0
277984,36597,0
277984,13197,0
277984,10913,0
277984,251321,0
277984,149,0
277984,10425,0
277984,49081,0
277984,256687,0
277984,220488,0
277984,1544,0
277984,374461,0
277984,302,0
277984,182873,0
277987,21512,0
277988,389425,0
277989,403,0
277992,29461,0
277992,33542,0
277993,283708,0
277996,9388,0
277996,1691,0
277996,24684,0
277997,2610,0
277998,11308,0
278002,11022,0
278002,34341,0
278002,15365,0
278002,36046,0
278002,12569,0
278002,24356,0
278002,55903,0
278002,2577,0
278002,103903,0
278002,73873,0
278002,312113,0
278002,14165,0
278002,2011,0
278002,45650,0
278002,7735,0
278002,301365,0
278002,25941,0
278002,29064,0
278002,7326,0
278004,326284,0
278007,681,0
278007,238,0
278007,535,0
278007,19913,0
278007,713,0
278007,77930,0
278007,10727,0
278007,253,0
278007,17908,0
278008,8390,0
278008,57119,0
278009,3291,0
278012,398,0
278012,8068,0
278012,10803,0
278012,682,0
278012,10117,0
278012,9392,0
278012,24977,0
278012,79316,0
278012,2074,0
278012,1696,0
278012,308639,0
278013,22314,0
278014,2662,0
278017,77156,0
278017,12573,0
278017,44718,0
278017,11342,0
278017,241771,0
278019,34653,0
278019,11051,0
278019,14578,0
278019,57825,0
278019,9555,0
278019,15581,0
278019,13006,0
278020,16651,0
278021,4251,0
278022,12400,0
278023,39053,0
278023,104896,0
278024,14112,0
278024,12271,0
278026,71859,0
278026,226354,0
278026,48620,0
278026,33676,0
278026,37080,0
278026,25388,0
278026,11687,0
278026,39210,0
278026,30128,0
278026,31535,0
278026,44835,0
278026,192134,0
278026,1956,0
278026,24985,0
278026,306745,0
278026,47088,0
278026,110402,0
278026,27004,0
278026,15013,0
278026,8374,0
278026,277519,0
278026,78381,0
278026,164372,0
278026,294512,0
278026,8879,0
278026,13001,0
278026,9571,0
278026,13649,0
278026,325373,0
278026,334527,0
278026,2211,0
278026,13919,0
278026,14576,0
278026,82505,0
278026,46738,0
278026,38970,0
278026,41009,0
278026,7347,0
278026,250546,0
278026,38415,0
278026,650,0
278026,16620,0
278026,25113,0
278026,11033,0
278026,34723,0
278026,9430,0
278026,8998,0
278026,10514,0
278026,10496,0
278026,1591,0
278026,76025,0
278026,4836,0
278026,14631,0
278026,87499,0
278026,18923,0
278026,26665,0
278026,28089,0
278026,62255,0
278026,5708,0
278026,218,0
278026,338,0
278026,21641,0
278026,10925,0
278026,2293,0
278026,621,0
278030,792,0
278034,1777,0
278036,642,0
278043,433,0
278044,16619,0
278044,1725,0
278044,11977,0
278044,20322,0
278044,16158,0
278044,629,0
278044,10160,0
278044,11452,0
278044,12163,0
278044,32275,0
278048,13785,0
278048,1103,0
278054,36739,0
278054,14144,0
278054,10622,8
278054,13370,0
278054,11191,0
278054,10215,0
278054,25066,0
278054,1523,0
278054,11361,0
278054,92591,0
278054,57612,0
278054,12509,0
278054,15256,0
278054,83686,0
278054,80304,0
278054,28053,0
278054,67913,0
278054,13991,0
278054,1443,0
278056,8545,0
278057,19556,0
278058,231576,0
278063,16172,0
278064,13403,0
278064,15797,0
278064,347764,0
278064,13537,0
278064,20794,0
278064,31064,0
278064,576,0
278064,13990,0
278064,11583,0
278064,18602,0
278064,27549,0
278064,59728,0
278065,10930,0
278066,32395,0
278069,58882,0
278070,7547,0
278074,35944,0
278075,42222,0
278075,13827,0
278079,44260,0
278079,9282,0
278079,38940,0
278085,35689,0
278089,97614,0
278089,37206,0
278089,58626,0
278092,183894,0
278094,837,0
278095,1555,0
278096,244783,0
278097,16564,0
278098,168027,0
278100,3482,0
278100,135595,0
278100,8982,0
278100,89861,0
278100,455,0
278100,57022,0
278100,14351,0
278104,147767,0
278106,10664,0
278106,55567,0
278107,9277,0
278110,9443,0
278111,16186,0
278111,7863,0
278111,138697,0
278111,11901,0
278112,1548,0
278112,11889,0
278112,33155,0
278112,5528,0
278117,321,0
278119,4997,0
278119,925,0
278119,27451,0
278120,73532,0
278122,979,0
278126,193722,0
278130,7913,0
278130,253253,0
278131,51995,0
278137,13173,0
278137,22908,0
278137,70670,0
278137,84204,0
278137,25248,0
278137,230266,0
278137,16633,0
278137,63006,0
278137,91586,0
278137,215,0
278137,333371,0
278137,9012,0
278137,345911,0
278137,72571,0
278137,242512,0
278137,10072,0
278137,211954,0
278137,82990,0
278137,29912,0
278137,11843,0
278137,11284,0
278137,504,0
278137,173,0
278137,227348,0
278137,1955,0
278137,152532,0
278137,243940,0
278137,77,0
278137,157547,0
278137,2295,0
278137,71,0
278137,147773,0
278137,16096,0
278137,24266,0
278137,16508,0
278137,2895,0
278137,15660,0
278137,59968,0
278137,323677,0
278137,19848,0
278137,256274,0
278137,235271,0
278137,45153,0
278137,284293,0
278137,24973,0
278137,21610,0
278137,10283,0
278137,8346,0
278137,122081,0
278137,10987,0
278137,1391,0
278137,747,0
278137,14745,0
278137,26748,0
278137,11357,0
278137,24913,0
278137,13776,0
278137,14854,0
278137,50357,0
278137,13090,0
278137,192141,0
278137,16441,0
278137,29996,0
278137,351819,0
278137,14834,0
278137,22649,0
278137,378200,0
278137,20455,0
278137,13193,0
278137,11042,0
278137,10786,0
278137,12484,0
278137,17339,0
278137,11959,0
278137,9900,0
278137,14662,0
278137,335,0
278137,15745,0
278137,17431,0
278137,21014,0
278137,78394,0
278137,10217,0
278137,46332,0
278137,13996,0
278137,3028,0
278137,1024,0
278137,343795,0
278137,45658,0
278137,16148,0
278137,4553,0
278137,36351,0
278137,245916,0
278137,27585,0
278137,1415,0
278137,313922,0
278137,14474,0
278137,199933,0
278137,13685,0
278137,8744,0
278137,38428,0
278137,8847,0
278137,39269,0
278137,46838,0
278137,51384,0
278137,56930,0
278137,41730,0
278137,18442,0
278137,298312,0
278137,11600,0
278137,71547,0
278137,57876,0
278137,77495,0
278137,13849,0
278137,14849,0
278137,12486,0
278137,19615,0
278137,244403,0
278137,292481,0
278137,340816,0
278137,78814,0
278137,297596,0
278137,299552,0
278137,11935,0
278137,113406,0
278137,447027,0
278137,290825,0
278137,361159,0
278137,12555,0
278137,31175,0
278137,12498,0
278137,77949,0
278137,1690,0
278137,8435,0
278139,64720,0
278140,49365,0
278144,11404,0
278144,300706,0
278144,16337,0
278144,11577,0
278144,77987,0
278144,40185,0
278144,68202,0
278144,8981,0
278144,10914,0
278144,50848,0
278144,166624,0
278144,10822,0
278144,10844,0
278144,9336,0
278144,5689,0
278144,712,0
278144,13342,0
278144,10339,0
278144,1429,0
278144,9303,0
278144,641,0
278144,27686,0
278144,65749,0
278144,6106,0
278144,252680,0
278144,141,0
278144,66607,0
278144,17139,0
278144,12079,0
278144,39800,0
278144,4550,8
278144,62116,0
278144,9991,0
278144,13807,0
278144,68818,0
278144,12093,0
278144,36419,0
278144,281730,0
278144,510,5
278144,362105,0
278144,10970,0
278144,375290,0
278144,17663,0
278144,270938,0
278144,116613,0
278144,11826,0
278144,29920,0
278144,1088,0
278144,26379,0
278144,34069,0
278144,10947,0
278144,47452,0
278144,3040,0
278144,11386,0
278144,10246,0
278144,29426,0
278144,10331,0
278144,153,0
278144,703,0
278144,27191,0
278144,1365,0
278144,287424,0
278144,451,0
278144,165864,0
278144,987,0
278144,241251,0
278144,40494,0
278144,39781,0
278144,8337,0
278144,5925,0
278144,8357,0
278144,146203,0
278144,85350,0
278144,512,0
278144,13408,0
278144,47816,0
278144,10744,0
278144,11536,0
278144,9782,0
278144,18713,0
278144,6537,0
278144,184345,0
278144,1809,0
278148,2370,0
278149,9809,0
278153,5,0
278153,11013,0
278155,19153,0
278156,10132,0
278156,16448,0
278158,15122,0
278159,8141,0
278160,1546,0
278161,48572,0
278162,14517,0
278167,89708,0
278168,27551,0
278168,64678,0
278168,309503,0
278168,14293,0
278172,15059,0
278176,103328,0
278177,157847,0
278181,25719,0
278181,48309,0
278183,27723,0
278184,20468,0
278185,242575,0
278185,44945,0
278185,29122,0
278188,125123,0
278188,111190,0
278188,133575,0
278188,54580,0
278188,52015,0
278188,34941,0
278188,227975,0
278188,60422,0
278188,81390,0
278188,10981,0
278188,225235,0
278188,14902,0
278188,121676,0
278188,22301,0
278188,20065,0
278188,257087,0
278188,46420,0
278188,114635,0
278188,158150,0
278188,251979,0
278188,874,0
278188,10774,0
278188,770,0
278188,266102,0
278188,29715,0
278188,25209,0
278188,37495,0
278188,29262,0
278188,34769,0
278188,35032,0
278188,5178,0
278188,8618,0
278188,3116,0
278188,9427,0
278188,813,0
278188,352978,0
278188,10634,0
278188,9516,0
278188,16288,0
278188,23330,0
278188,18900,0
278188,27029,0
278188,26268,0
278188,573,0
278188,310131,0
278188,40505,0
278188,11363,0
278188,3033,0
278188,25376,0
278188,22007,0
278188,765,0
278188,10615,0
278188,205321,0
278188,89540,0
278188,46146,0
278188,38007,0
278188,14256,0
278188,540,0
278188,370464,0
278188,20055,0
278188,224569,0
278188,395766,0
278188,39303,0
278188,142061,0
278188,370662,0
278188,252360,0
278188,256740,0
278188,299145,0
278188,241766,0
278188,12535,0
278188,1667,0
278188,50839,0
278188,86549,0
278188,13973,0
278188,244786,0
278188,598,0
278188,11129,0
278188,75861,0
278188,13551,0
278188,103663,0
278188,850,0
278188,12586,0
278188,11564,0
278188,301748,0
278188,108346,0
278188,8841,0
278188,805,0
278188,11697,0
278188,22051,0
278188,436,0
278188,55347,0
278188,10070,0
278188,8469,0
278188,658,0
278188,125490,0
278188,1585,0
278188,627,0
278188,23618,0
278188,41436,0
278188,10162,0
278188,1430,0
278188,259943,0
278188,10014,0
278188,11257,0
278188,158015,0
278188,82507,0
278188,20337,0
278188,261,0
278188,1685,0
278188,20737,0
278188,10991,5
278188,10225,0
278188,826,0
278188,34086,0
278188,5854,0
278188,284,0
278188,10285,0
278188,5780,0
278188,292,0
278188,223485,0
278188,29463,0
278188,18065,0
278188,22013,0
278188,821,0
278188,53862,0
278188,3089,0
278188,30139,0
278188,132344,0
278188,15582,0
278188,15158,0
278188,44634,0
278188,30309,0
278188,7509,0
278188,10557,0
278188,23531,0
278188,28005,0
278188,40247,0
278188,252,0
278188,24126,0
278188,13982,0
278188,16642,0
278188,17734,0
278188,18892,0
278188,549,0
278188,121986,0
278188,868,0
278188,10683,0
278188,17995,0
278188,246403,0
278188,670,0
278188,35691,0
278188,49010,0
278188,317930,0
278188,11229,0
278188,22488,0
278188,24469,0
278188,82533,0
278188,50942,0
278188,84174,0
278188,34099,0
278188,79940,0
278188,342,0
278188,281230,0
278188,38033,0
278188,100975,0
278188,38541,0
278188,39563,0
278188,234212,0
278188,27404,0
278188,170480,0
278188,71866,0
278188,192210,0
278188,180296,0
278188,157058,0
278188,70006,0
278188,26039,0
278188,79587,0
278188,176077,0
278188,260947,0
278188,342502,0
278188,191229,8
278188,43213,0
278188,44594,0
278188,666,0
278188,248,0
278188,325173,0
278188,55831,0
278188,351043,0
278188,43942,0
278188,10226,0
278188,66942,0
278188,356483,0
278188,10476,0
278188,239,0
278188,10281,0
278188,630,0
278188,3034,0
278193,13025,0
278194,21461,0
278194,55306,0
278194,17264,0
278194,346081,0
278194,16016,0
278194,15875,0
278194,5900,0
278194,43306,0
278194,11072,0
278194,9730,0
278194,209274,0
278194,26371,0
278194,14137,0
278194,291,0
278194,14139,0
278194,33106,0
278194,8875,0
278194,872,0
278194,72914,0
278194,139038,0
278194,126509,0
278194,9591,0
278194,10676,0
278194,1687,0
278194,24748,0
278194,181330,0
278194,468,0
278194,401,0
278197,76,0
278197,50538,0
278199,25636,0
278200,19316,0
278202,21074,0
278202,84329,0
278202,20,0
278202,157386,0
278202,13007,0
278202,13518,0
278202,116584,0
278202,46849,0
278202,40428,0
278202,17334,0
278202,1698,0
278202,20764,0
278202,45132,0
278202,76706,0
278202,254472,0
278202,332285,0
278202,49471,0
278202,13569,0
278202,7512,0
278202,356216,0
278202,11798,0
278202,146631,0
278202,43546,0
278202,61038,0
278202,78373,0
278202,17820,0
278202,74457,0
278203,283384,0
278204,19933,0
278206,756,0
278207,433715,0
278209,9728,0
278209,9731,0
278209,9916,0
278209,309425,0
278212,14156,0
278213,43610,0
278215,360339,0
278216,31163,0
278216,297621,0
278218,16205,0
278218,887,0
278218,9517,0
278218,6007,0
278218,364083,0
278218,8329,0
278218,69640,0
278218,371085,0
278218,347548,0
278218,322443,0
278218,657,0
278220,28165,0
278220,11561,0
278221,270303,0
278221,11624,0
278221,595,0
278221,8810,0
278221,12207,0
278221,226,0
278221,92182,0
278221,582,0
278221,72213,0
278221,990,0
278221,55604,0
278221,9662,0
278221,20862,0
278221,2771,0
278221,80,0
278221,55,0
278221,11023,0
278221,33667,0
278221,39013,0
278221,11194,0
278221,43839,0
278221,1382,0
278221,44639,0
278221,301351,0
278221,4816,0
278221,7873,0
278221,331190,0
278221,15186,0
278221,17994,0
278221,1378,0
278221,8885,0
278221,48382,0
278221,12901,0
278221,250124,0
278221,14284,0
278221,57120,0
278221,12228,0
278221,22617,0
278221,55561,0
278221,42889,0
278221,10656,0
278221,24363,0
278221,13121,0
278224,24746,0
278227,325140,0
278229,12109,0
278235,27023,0
278237,22913,0
278238,273899,0
278242,20653,0
278243,67373,0
278243,171759,0
278243,206296,0
278243,35219,0
278244,28260,0
278245,7515,0
278246,13075,0
278248,335866,0
278249,13510,0
278249,215881,0
278249,18238,0
278249,22600,0
278249,12612,0
278249,50698,0
278249,115210,0
278250,34335,0
278251,459488,0
278253,11302,0
278253,119458,0
278254,20406,0
278255,3766,0
278255,18616,0
278255,18808,0
278255,95755,0
278255,198062,0
278255,188652,0
278255,174311,0
278255,12602,0
278255,153795,0
278257,17768,0
278257,13516,0
278257,98549,0
278257,312793,0
278257,309919,0
278257,299553,0
278257,21309,0
278257,32235,0
278259,329540,0
278259,26388,0
278259,49020,0
278260,159037,0
278263,12838,0
278264,157293,0
278270,14048,0
278274,356987,0
278274,295886,0
278279,38358,0
278279,33511,0
278280,702,0
278297,935,0
278300,542,0
278302,84175,0
278307,1705,0
278307,62677,0
278307,50875,0
278310,260778,0
278311,58492,0
278313,44562,0
278314,37232,0
278314,4929,0
278314,36334,0
278314,9783,0
278314,386826,0
278314,205126,0
278314,98557,0
278314,104,0
278314,10894,0
278314,246449,0
278314,32579,0
278314,1688,0
278314,1999,0
278314,43947,0
278314,24066,0
278316,9709,0
278319,191714,0
278325,25312,0
278328,34106,0
278330,11426,0
278332,13909,0
278333,206284,0
278334,27455,0
278336,66468,0
278342,7973,0
278342,283686,0
278342,15976,0
278342,592,0
278342,74084,0
278342,1651,0
278342,25428,0
278342,298584,0
278342,10758,0
278342,11690,0
278342,3083,0
278342,9344,0
278345,10707,0
278346,15647,0
278346,308529,0
278346,4174,0
278346,20156,0
278346,9464,0
278346,49018,0
278346,13820,0
278346,18079,0
278346,127918,0
278346,17113,0
278346,129139,0
278346,507,5
278346,4012,0
278346,14054,0
278346,323271,0
278346,10972,0
278350,13066,0
278355,66025,0
278355,11908,0
278356,3082,0
278356,39541,0
278356,1961,0
278356,51820,0
278356,291362,0
278356,30082,0
278356,72913,0
278356,23963,0
278356,29406,0
278356,361505,0
278356,104755,0
278356,253306,0
278356,29595,0
278356,46729,0
278356,294600,0
278356,137347,0
278356,290370,0
278356,426469,5
278356,356841,0
278356,301325,0
278356,347755,0
278356,408,0
278356,44413,0
278356,39209,0
278356,48463,0
278356,394047,0
278356,312791,0
278356,266034,0
278356,280381,0
278356,2661,0
278356,100,0
278356,218500,0
278356,309,0
278356,27845,0
278356,25784,0
278356,52790,0
278356,100275,0
278356,295914,0
278356,42033,0
278356,19187,0
278356,46415,0
278356,38570,0
278356,27588,0
278356,223,0
278356,9725,0
278357,28580,0
278358,23730,0
278361,84197,0
278361,46256,0
278361,19997,0
278364,43266,0
278365,278316,0
278368,1412,0
278368,176,0
278368,39939,0
278373,357834,0
278376,215924,0
278377,480,0
278378,14295,0
278388,11219,0
278389,20770,0
278390,176124,0
278390,500,0
278390,60400,0
278390,429,0
278390,310569,0
278390,98369,0
278390,114065,0
278390,89750,0
278390,49951,0
278390,86331,0
278390,355629,0
278390,16433,0
278390,15544,0
278390,43884,0
278390,107315,0
278390,137955,0
278390,13064,0
278390,59917,0
278394,157422,7
278396,310933,0
278398,7553,0
278400,12877,0
278401,39895,0
278407,102840,0
278409,55616,0
278411,29697,0
278411,50037,0
278411,94329,0
278411,53502,0
278411,202604,0
278413,289,0
278418,27374,0
278418,26815,0
278418,811,0
278418,1366,0
278418,244776,0
278418,5769,0
278418,277685,0
278418,103,0
278418,11298,0
278418,646,0
278418,93856,0
278418,9003,0
278418,347126,0
278418,10092,0
278418,10643,0
278418,46705,0
278418,546,0
278418,76487,0
278418,5722,0
278418,39833,0
278418,1781,0
278418,18712,0
278418,7944,0
278418,171424,0
278418,361475,0
278418,113947,0
278418,18570,0
278418,83860,0
278418,41469,0
278418,244772,0
278418,50837,0
278418,248774,0
278418,10183,0
278418,159014,0
278418,32456,0
278418,49963,0
278418,13508,0
278418,22597,0
278418,9707,0
278418,37532,0
278418,26791,0
278418,56666,0
278418,8675,0
278418,13132,0
278418,47686,0
278418,46989,0
278418,192132,0
278418,24424,0
278418,13198,0
278418,244267,0
278418,21413,0
278418,123678,0
278418,13362,0
278418,39183,0
278418,62402,0
278418,206412,0
278418,201132,0
278418,251471,0
278418,112456,0
278418,20296,0
278418,25983,0
278418,66195,0
278418,16155,0
278418,46727,0
278418,55180,0
278418,29015,0
278418,91122,0
278418,18206,0
278418,320146,0
278418,13856,0
278418,219716,0
278418,43630,0
278418,56491,0
278418,99826,0
278418,186935,0
278418,357441,0
278418,19344,0
278418,242083,0
278418,18869,0
278418,26673,0
278418,41830,0
278418,37694,0
278418,63287,0
278418,335874,0
278418,34592,0
278418,92635,0
278418,258755,0
278418,96534,0
278418,21283,0
278418,272724,0
278418,84178,0
278418,101179,0
278418,52462,0
278418,269057,0
278418,287524,0
278418,206213,0
278418,248402,0
278418,29146,0
278418,207769,0
278418,271185,0
278418,29731,0
278418,292539,0
278418,654,0
278418,91070,0
278418,2009,0
278418,323270,0
278418,2652,0
278418,9813,0
278418,60421,0
278418,157354,0
278418,127867,0
278418,3170,0
278418,14014,0
278418,15708,0
278418,146882,0
278418,215918,0
278418,84200,0
278418,84184,0
278418,45767,0
278418,14823,0
278418,367551,0
278418,343409,0
278418,60243,0
278418,57294,0
278418,11446,0
278418,47889,0
278418,25461,0
278418,905,0
278418,279759,0
278418,78705,0
278418,25212,0
278418,26899,0
278418,146269,0
278418,292483,0
278418,14451,0
278418,10105,0
278418,211557,0
278418,838,0
278418,40862,0
278418,13158,0
278418,84332,0
278418,74510,0
278418,74725,0
278418,58428,0
278418,8416,0
278418,36584,0
278418,13429,0
278418,9022,0
278418,22530,0
278418,288,0
278418,14275,0
278418,2287,0
278418,18734,0
278418,206197,0
278418,26837,0
278418,7859,0
278418,302579,0
278418,51955,0
278418,376004,0
278418,158752,0
278418,40658,0
278418,296943,0
278418,118612,0
278418,138976,0
278418,323967,0
278534,3080,0
278535,2667,0
278535,9459,0
278535,11598,0
278535,26916,0
278535,181940,0
278535,125263,0
278535,263503,0
278535,324322,0
278535,331493,0
278535,375950,0
278535,278348,0
278535,704,0
278535,70875,0
278535,75986,0
278535,385636,0
278535,14438,0
278535,211086,0
278535,23069,0
278535,83,0
278535,89857,0
278535,30315,0
278535,14358,0
278535,2056,0
278535,41144,0
278535,35199,0
278535,14271,0
278535,16653,0
278535,14757,0
278535,84401,0
278535,23655,0
278535,36825,0
278535,33430,0
278535,12281,0
278535,125052,0
278535,96238,0
278535,30246,0
278535,7301,0
278536,172533,0
278536,180383,0
278536,346,0
278536,84318,0
278536,45145,0
278536,13983,0
278536,45649,0
278536,19844,0
278536,21801,0
278536,43933,0
278537,73511,0
278537,43653,0
278538,139715,0
278539,45380,0
278540,30867,0
278541,81220,0
278541,253626,0
278542,294550,0
278543,90369,0
278543,117942,0
278543,380097,0
278543,322194,0
278543,98568,0
278545,119657,0
278545,380733,0
278545,285743,0
278545,362765,0
278545,379532,0
278545,253261,0
278545,297100,0
278545,15239,0
278550,94072,0
278550,4107,0
278550,325579,0
278551,15624,0
278551,17287,0
278551,198370,0
278552,3062,0
278552,328307,0
278552,15389,0
278552,464,0
278552,308467,0
278552,8193,0
278552,188166,0
278554,23827,0
278554,1282,0
278554,762,0
278554,64499,0
278554,281189,0
278554,1435,0
278554,47546,0
278554,189711,0
278554,19204,0
278554,9029,0
278554,18045,0
278554,11240,0
278554,43743,0
278554,157909,0
278554,10238,0
278556,3059,0
278556,15800,0
278559,65203,0
278559,764,0
278559,103620,0
278561,319069,0
278563,14278,0
278563,25678,0
278563,79161,0
278563,371690,0
278563,389,0
278563,52032,0
278563,3078,0
278563,38810,0
278563,21525,0
278563,55123,0
278563,11980,0
278563,11956,0
278563,1550,0
278563,162396,0
278563,26518,0
278563,8942,0
278563,68412,0
278563,2786,0
278563,87943,0
278563,73981,0
278563,91721,0
278563,118452,0
278563,47534,0
278565,40914,0
278565,365052,0
278565,13282,0
278565,250184,0
278565,426067,0
278568,324352,0
278569,318040,0
278571,27420,0
278573,80468,0
278582,84188,0
278582,2255,0
278582,50035,0
278582,300327,0
278582,14290,0
278582,29371,0
278582,44490,0
278582,32222,0
278582,378237,0
278582,431,0
278582,76996,0
278582,51942,0
278582,1424,0
278582,60420,0
278582,325123,0
278582,142132,0
278582,20520,0
278582,109729,0
278582,78307,0
278582,12247,0
278582,29917,0
278582,70687,0
278582,60463,0
278582,46252,0
278582,24869,0
278582,77934,0
278582,34697,0
278582,320435,0
278582,150211,0
278582,306667,0
278582,274758,0
278582,3060,0
278582,40963,0
278582,173224,0
278582,18533,0
278582,376010,0
278582,139948,0
278582,77332,0
278582,70478,0
278582,35073,0
278582,9659,0
278582,10218,0
278582,391,0
278582,43595,0
278582,194588,0
278582,54897,0
278582,83588,0
278582,53256,0
278582,40920,0
278582,287815,9
278582,54702,0
278582,176074,0
278582,69270,0
278582,5759,0
278582,402515,0
278582,126141,0
278582,48035,0
278582,14758,0
278582,13363,0
278582,37985,0
278582,25786,0
278586,36549,0
278586,361398,0
278586,289180,0
278586,288927,0
278586,21334,0
278586,79120,0
278588,27995,0
278597,253290,0
278597,344466,0
278601,55420,0
278606,5822,0
278608,408429,0
278608,39141,0
278608,5723,0
278608,28666,0
278610,30979,0
278615,50497,0
278618,354624,0
278620,13187,0
278621,335244,0
278629,178862,0
278633,331745,0
278633,1779,0
278633,282128,0
278633,86812,0
278633,38786,0
278633,84355,0
278633,18632,0
278633,40652,0
278633,339408,0
278633,266857,0
278633,18925,0
278633,299245,0
278633,985,0
278633,34101,0
278633,9821,0
278633,65448,0
278633,18841,0
278633,272726,0
278633,175291,0
278633,80215,0
278633,13538,0
278633,51130,0
278633,270554,0
278633,72086,0
278633,268917,0
278633,64973,0
278633,473,0
278633,90414,0
278633,111794,0
278633,360188,0
278633,9372,0
278633,85860,0
278633,244534,0
278633,33468,0
278633,294086,0
278633,139998,0
278633,74777,0
278633,16388,0
278633,159770,0
278633,42109,0
278633,47607,0
278633,193603,0
278633,84659,0
278633,322745,0
278633,20981,0
278633,174362,7
278633,242095,0
278633,250902,0
278633,158895,0
278633,222250,0
278633,18292,0
278633,125537,0
278633,326576,0
278633,228550,0
278633,13963,0
278633,290391,0
278633,44770,0
278633,69382,0
278633,40769,0
278633,220490,0
278633,42151,0
278633,2292,0
278633,42497,0
278633,33693,0
278633,14585,0
278633,185465,0
278633,38780,0
278633,14022,0
278633,366967,0
278633,255266,0
278633,17345,0
278633,226458,0
278633,24055,0
278633,287625,0
278634,44990,0
278636,86304,0
278637,692,0
278637,39851,0
278637,13898,0
278637,157185,0
278637,36095,0
278637,182291,0
278637,286939,0
278637,124606,0
278637,14337,0
278637,67238,0
278637,9367,0
278637,72766,0
278637,231617,0
278637,126186,0
278637,25975,0
